Workbook

Sheet Raw Data
A1: Post_ID | B1: Date | C1: Day | D1: Platform | E1: Post_Type | F1: Topic | G1: Time_Slot | H1: Reach | I1: Impressions | J1: Likes | K1: Comments | L1: Shares | M1: Saves | N1: Clicks | O1: Total_Engagement | P1: Engagement_Rate | Q1: CTR | R1: ER_Rank
A2: P001 | B2: 2026-07-03 | C2: Friday | D2: Twitter/X | E2: Reel/Video | F2: Product Launch | G2: Evening (6-9 PM) | H2: 6165 | I2: 8265 | J2: 393 | K2: 49 | L2: 60 | M2: 43 | N2: 212 | O2: =SUM(J2:M2) -> 545 | P2: =IFERROR(O2/H2,0) -> 0.088402271 | Q2: =IFERROR(N2/I2,0) -> 0.025650333 | R2: =RANK(P2,$P$2:$P$41,0)+COUNTIF($P$2:P2,P2)-1 -> 9
A3: P002 | B3: 2026-07-05 | C3: Sunday | D3: LinkedIn | E3: Reel/Video | F3: Meme/Trend | G3: Morning (9-11 AM) | H3: 4134 | I3: 5755 | J3: 296 | K3: 37 | L3: 45 | M3: 32 | N3: 103 | O3: =SUM(J3:M3) -> 410 | P3: =IFERROR(O3/H3,0) -> 0.099177552 | Q3: =IFERROR(N3/I3,0) -> 0.01789748 | R3: =RANK(P3,$P$2:$P$41,0)+COUNTIF($P$2:P3,P3)-1 -> 4
A4: P003 | B4: 2026-07-07 | C4: Tuesday | D4: Facebook | E4: Carousel | F4: Meme/Trend | G4: Afternoon (1-3 PM) | H4: 5584 | I4: 7989 | J4: 321 | K4: 40 | L4: 49 | M4: 78 | N4: 166 | O4: =SUM(J4:M4) -> 488 | P4: =IFERROR(O4/H4,0) -> 0.08739255 | Q4: =IFERROR(N4/I4,0) -> 0.020778571 | R4: =RANK(P4,$P$2:$P$41,0)+COUNTIF($P$2:P4,P4)-1 -> 10
A5: P004 | B5: 2026-07-09 | C5: Thursday | D5: Instagram | E5: Carousel | F5: Meme/Trend | G5: Evening (6-9 PM) | H5: 12168 | I5: 16912 | J5: 1089 | K5: 136 | L5: 166 | M5: 266 | N5: 154 | O5: =SUM(J5:M5) -> 1657 | P5: =IFERROR(O5/H5,0) -> 0.13617686 | Q5: =IFERROR(N5/I5,0) -> 0.0091059603 | R5: =RANK(P5,$P$2:$P$41,0)+COUNTIF($P$2:P5,P5)-1 -> 1
A6: P005 | B6: 2026-07-12 | C6: Sunday | D6: Twitter/X | E6: Reel/Video | F6: Festival Greeting | G6: Evening (6-9 PM) | H6: 7733 | I6: 13723 | J6: 548 | K6: 68 | L6: 83 | M6: 60 | N6: 210 | O6: =SUM(J6:M6) -> 759 | P6: =IFERROR(O6/H6,0) -> 0.098150782 | Q6: =IFERROR(N6/I6,0) -> 0.015302776 | R6: =RANK(P6,$P$2:$P$41,0)+COUNTIF($P$2:P6,P6)-1 -> 5
A7: P006 | B7: 2026-07-14 | C7: Tuesday | D7: LinkedIn | E7: Text | F7: Tips & Tutorial | G7: Evening (6-9 PM) | H7: 3736 | I7: 6172 | J7: 113 | K7: 14 | L7: 17 | M7: 12 | N7: 161 | O7: =SUM(J7:M7) -> 156 | P7: =IFERROR(O7/H7,0) -> 0.041755889 | Q7: =IFERROR(N7/I7,0) -> 0.026085548 | R7: =RANK(P7,$P$2:$P$41,0)+COUNTIF($P$2:P7,P7)-1 -> 27
A8: P007 | B8: 2026-07-16 | C8: Thursday | D8: Facebook | E8: Reel/Video | F8: Product Launch | G8: Afternoon (1-3 PM) | H8: 8938 | I8: 16896 | J8: 515 | K8: 64 | L8: 78 | M8: 57 | N8: 556 | O8: =SUM(J8:M8) -> 714 | P8: =IFERROR(O8/H8,0) -> 0.079883643 | Q8: =IFERROR(N8/I8,0) -> 0.032907197 | R8: =RANK(P8,$P$2:$P$41,0)+COUNTIF($P$2:P8,P8)-1 -> 11
A9: P008 | B9: 2026-07-18 | C9: Saturday | D9: Instagram | E9: Text | F9: Offer/Discount | G9: Night (10 PM-12 AM) | H9: 5839 | I9: 8683 | J9: 77 | K9: 9 | L9: 11 | M9: 8 | N9: 129 | O9: =SUM(J9:M9) -> 105 | P9: =IFERROR(O9/H9,0) -> 0.017982531 | Q9: =IFERROR(N9/I9,0) -> 0.014856616 | R9: =RANK(P9,$P$2:$P$41,0)+COUNTIF($P$2:P9,P9)-1 -> 39
A10: P009 | B10: 2026-07-20 | C10: Monday | D10: Twitter/X | E10: Image | F10: Tips & Tutorial | G10: Afternoon (1-3 PM) | H10: 2857 | I10: 4025 | J10: 70 | K10: 8 | L10: 10 | M10: 7 | N10: 52 | O10: =SUM(J10:M10) -> 95 | P10: =IFERROR(O10/H10,0) -> 0.033251663 | Q10: =IFERROR(N10/I10,0) -> 0.012919255 | R10: =RANK(P10,$P$2:$P$41,0)+COUNTIF($P$2:P10,P10)-1 -> 32
A11: P010 | B11: 2026-07-23 | C11: Thursday | D11: Facebook | E11: Image | F11: Product Launch | G11: Afternoon (1-3 PM) | H11: 5726 | I11: 10153 | J11: 109 | K11: 13 | L11: 16 | M11: 12 | N11: 202 | O11: =SUM(J11:M11) -> 150 | P11: =IFERROR(O11/H11,0) -> 0.026196298 | Q11: =IFERROR(N11/I11,0) -> 0.019895597 | R11: =RANK(P11,$P$2:$P$41,0)+COUNTIF($P$2:P11,P11)-1 -> 34
A12: P011 | B12: 2026-07-25 | C12: Saturday | D12: Facebook | E12: Image | F12: Customer Story | G12: Night (10 PM-12 AM) | H12: 5624 | I12: 10373 | J12: 152 | K12: 19 | L12: 23 | M12: 16 | N12: 160 | O12: =SUM(J12:M12) -> 210 | P12: =IFERROR(O12/H12,0) -> 0.037339972 | Q12: =IFERROR(N12/I12,0) -> 0.01542466 | R12: =RANK(P12,$P$2:$P$41,0)+COUNTIF($P$2:P12,P12)-1 -> 28
A13: P012 | B13: 2026-07-27 | C13: Monday | D13: Instagram | E13: Carousel | F13: Offer/Discount | G13: Night (10 PM-12 AM) | H13: 13377 | I13: 20194 | J13: 484 | K13: 60 | L13: 74 | M13: 118 | N13: 472 | O13: =SUM(J13:M13) -> 736 | P13: =IFERROR(O13/H13,0) -> 0.05501981 | Q13: =IFERROR(N13/I13,0) -> 0.023373279 | R13: =RANK(P13,$P$2:$P$41,0)+COUNTIF($P$2:P13,P13)-1 -> 19
... A41: P040 | B41: 2026-09-27 | C41: Sunday | D41: LinkedIn | E41: Text | F41: Offer/Discount | G41: Morning (9-11 AM) | H41: 1631 | I41: 2487 | J41: 18 | K41: 2 | L41: 2 | M41: 2 | N41: 65 | O41: =SUM(J41:M41) -> 24 | P41: =IFERROR(O41/H41,0) -> 0.014714899 | Q41: =IFERROR(N41/I41,0) -> 0.026135907 | R41: =RANK(P41,$P$2:$P$41,0)+COUNTIF($P$2:P41,P41)-1 -> 40
A43: Note: Blue numbers = sample input data (synthetic dataset created for this exercise). Black = formulas.

Sheet Summary
A1: Social Media Performance Summary (Jul–Sep 2026, 40 posts)
A3: KPI | B3: Value
A4: Total Posts | B4: =COUNTA('Raw Data'!A2:A41) -> 40
A5: Total Reach | B5: =SUM('Raw Data'!H2:H41) -> 263696
A6: Total Impressions | B6: =SUM('Raw Data'!I2:I41) -> 413428
A7: Total Engagement | B7: =SUM('Raw Data'!O2:O41) -> 17994
A8: Total Clicks | B8: =SUM('Raw Data'!N2:N41) -> 7918
A9: Avg Engagement Rate | B9: =AVERAGE('Raw Data'!P2:P41) -> 0.059309326
A10: Overall Engagement Rate (total eng / total reach) | B10: =B7/B5 -> 0.068237668
A11: Avg CTR | B11: =AVERAGE('Raw Data'!Q2:Q41) -> 0.01967716
A12: Avg Impressions per Reach (frequency) | B12: =B6/B5 -> 1.5678205
A15: By Post Type
A16: Category | B16: Posts | C16: Avg Reach | D16: Avg Impressions | E16: Avg Engagement | F16: Avg Eng. Rate | G16: Avg CTR | H16: Avg Saves
A17: Reel/Video | B17: =COUNTIF('Raw Data'!$E$2:$E$41,A17) -> 11 | C17: =IFERROR(AVERAGEIF('Raw Data'!$E$2:$E$41,A17,'Raw Data'!$H$2:$H$41),0) -> 8938.1818 | D17: =IFERROR(AVERAGEIF('Raw Data'!$E$2:$E$41,A17,'Raw Data'!$I$2:$I$41),0) -> 14566.182 | E17: =IFERROR(AVERAGEIF('Raw Data'!$E$2:$E$41,A17,'Raw Data'!$O$2:$O$41),0) -> 800.90909 | F17: =IFERROR(AVERAGEIF('Raw Data'!$E$2:$E$41,A17,'Raw Data'!$P$2:$P$41),0) -> 0.090309683 | G17: =IFERROR(AVERAGEIF('Raw Data'!$E$2:$E$41,A17,'Raw Data'!$Q$2:$Q$41),0) -> 0.020219241 | H17: =IFERROR(AVERAGEIF('Raw Data'!$E$2:$E$41,A17,'Raw Data'!$M$2:$M$41),0) -> 63.636364
A18: Carousel | B18: =COUNTIF('Raw Data'!$E$2:$E$41,A18) -> 12 | C18: =IFERROR(AVERAGEIF('Raw Data'!$E$2:$E$41,A18,'Raw Data'!$H$2:$H$41),0) -> 7090.25 | D18: =IFERROR(AVERAGEIF('Raw Data'!$E$2:$E$41,A18,'Raw Data'!$I$2:$I$41),0) -> 10469.75 | E18: =IFERROR(AVERAGEIF('Raw Data'!$E$2:$E$41,A18,'Raw Data'!$O$2:$O$41),0) -> 533.16667 | F18: =IFERROR(AVERAGEIF('Raw Data'!$E$2:$E$41,A18,'Raw Data'!$P$2:$P$41),0) -> 0.070759674 | G18: =IFERROR(AVERAGEIF('Raw Data'!$E$2:$E$41,A18,'Raw Data'!$Q$2:$Q$41),0) -> 0.019614102 | H18: =IFERROR(AVERAGEIF('Raw Data'!$E$2:$E$41,A18,'Raw Data'!$M$2:$M$41),0) -> 85.333333
A19: Image | B19: =COUNTIF('Raw Data'!$E$2:$E$41,A19) -> 10 | C19: =IFERROR(AVERAGEIF('Raw Data'!$E$2:$E$41,A19,'Raw Data'!$H$2:$H$41),0) -> 6106.8 | D19: =IFERROR(AVERAGEIF('Raw Data'!$E$2:$E$41,A19,'Raw Data'!$I$2:$I$41),0) -> 9727.4 | E19: =IFERROR(AVERAGEIF('Raw Data'!$E$2:$E$41,A19,'Raw Data'!$O$2:$O$41),0) -> 234 | F19: =IFERROR(AVERAGEIF('Raw Data'!$E$2:$E$41,A19,'Raw Data'!$P$2:$P$41),0) -> 0.03739609 | G19: =IFERROR(AVERAGEIF('Raw Data'!$E$2:$E$41,A19,'Raw Data'!$Q$2:$Q$41),0) -> 0.017819173 | H19: =IFERROR(AVERAGEIF('Raw Data'!$E$2:$E$41,A19,'Raw Data'!$M$2:$M$41),0) -> 18.4
A20: Text | B20: =COUNTIF('Raw Data'!$E$2:$E$41,A20) -> 7 | C20: =IFERROR(AVERAGEIF('Raw Data'!$E$2:$E$41,A20,'Raw Data'!$H$2:$H$41),0) -> 2746.4286 | D20: =IFERROR(AVERAGEIF('Raw Data'!$E$2:$E$41,A20,'Raw Data'!$I$2:$I$41),0) -> 4327 | E20: =IFERROR(AVERAGEIF('Raw Data'!$E$2:$E$41,A20,'Raw Data'!$O$2:$O$41),0) -> 63.714286 | F20: =IFERROR(AVERAGEIF('Raw Data'!$E$2:$E$41,A20,'Raw Data'!$P$2:$P$41),0) -> 0.022269937 | G20: =IFERROR(AVERAGEIF('Raw Data'!$E$2:$E$41,A20,'Raw Data'!$Q$2:$Q$41),0) -> 0.021587685 | H20: =IFERROR(AVERAGEIF('Raw Data'!$E$2:$E$41,A20,'Raw Data'!$M$2:$M$41),0) -> 4.5714286
A23: By Platform
A24: Category | B24: Posts | C24: Avg Reach | D24: Avg Impressions | E24: Avg Engagement | F24: Avg Eng. Rate | G24: Avg CTR | H24: Avg Saves
A25: Instagram | B25: =COUNTIF('Raw Data'!$D$2:$D$41,A25) -> 10 | C25: =IFERROR(AVERAGEIF('Raw Data'!$D$2:$D$41,A25,'Raw Data'!$H$2:$H$41),0) -> 10899.8 | D25: =IFERROR(AVERAGEIF('Raw Data'!$D$2:$D$41,A25,'Raw Data'!$I$2:$I$41),0) -> 16680.1 | E25: =IFERROR(AVERAGEIF('Raw Data'!$D$2:$D$41,A25,'Raw Data'!$O$2:$O$41),0) -> 745.2 | F25: =IFERROR(AVERAGEIF('Raw Data'!$D$2:$D$41,A25,'Raw Data'!$P$2:$P$41),0) -> 0.061984173 | G25: =IFERROR(AVERAGEIF('Raw Data'!$D$2:$D$41,A25,'Raw Data'!$Q$2:$Q$41),0) -> 0.015716401 | H25: =IFERROR(AVERAGEIF('Raw Data'!$D$2:$D$41,A25,'Raw Data'!$M$2:$M$41),0) -> 87
A26: Facebook | B26: =COUNTIF('Raw Data'!$D$2:$D$41,A26) -> 10 | C26: =IFERROR(AVERAGEIF('Raw Data'!$D$2:$D$41,A26,'Raw Data'!$H$2:$H$41),0) -> 6655.6 | D26: =IFERROR(AVERAGEIF('Raw Data'!$D$2:$D$41,A26,'Raw Data'!$I$2:$I$41),0) -> 10783.3 | E26: =IFERROR(AVERAGEIF('Raw Data'!$D$2:$D$41,A26,'Raw Data'!$O$2:$O$41),0) -> 420.7 | F26: =IFERROR(AVERAGEIF('Raw Data'!$D$2:$D$41,A26,'Raw Data'!$P$2:$P$41),0) -> 0.05720288 | G26: =IFERROR(AVERAGEIF('Raw Data'!$D$2:$D$41,A26,'Raw Data'!$Q$2:$Q$41),0) -> 0.021139127 | H26: =IFERROR(AVERAGEIF('Raw Data'!$D$2:$D$41,A26,'Raw Data'!$M$2:$M$41),0) -> 46.2
A27: LinkedIn | B27: =COUNTIF('Raw Data'!$D$2:$D$41,A27) -> 9 | C27: =IFERROR(AVERAGEIF('Raw Data'!$D$2:$D$41,A27,'Raw Data'!$H$2:$H$41),0) -> 3653.2222 | D27: =IFERROR(AVERAGEIF('Raw Data'!$D$2:$D$41,A27,'Raw Data'!$I$2:$I$41),0) -> 5494.3333 | E27: =IFERROR(AVERAGEIF('Raw Data'!$D$2:$D$41,A27,'Raw Data'!$O$2:$O$41),0) -> 222.44444 | F27: =IFERROR(AVERAGEIF('Raw Data'!$D$2:$D$41,A27,'Raw Data'!$P$2:$P$41),0) -> 0.048907075 | G27: =IFERROR(AVERAGEIF('Raw Data'!$D$2:$D$41,A27,'Raw Data'!$Q$2:$Q$41),0) -> 0.028219384 | H27: =IFERROR(AVERAGEIF('Raw Data'!$D$2:$D$41,A27,'Raw Data'!$M$2:$M$41),0) -> 19.777778
A28: Twitter/X | B28: =COUNTIF('Raw Data'!$D$2:$D$41,A28) -> 11 | C28: =IFERROR(AVERAGEIF('Raw Data'!$D$2:$D$41,A28,'Raw Data'!$H$2:$H$41),0) -> 5023.9091 | D28: =IFERROR(AVERAGEIF('Raw Data'!$D$2:$D$41,A28,'Raw Data'!$I$2:$I$41),0) -> 8122.2727 | E28: =IFERROR(AVERAGEIF('Raw Data'!$D$2:$D$41,A28,'Raw Data'!$O$2:$O$41),0) -> 393.90909 | F28: =IFERROR(AVERAGEIF('Raw Data'!$D$2:$D$41,A28,'Raw Data'!$P$2:$P$41),0) -> 0.067303531 | G28: =IFERROR(AVERAGEIF('Raw Data'!$D$2:$D$41,A28,'Raw Data'!$Q$2:$Q$41),0) -> 0.014959698 | H28: =IFERROR(AVERAGEIF('Raw Data'!$D$2:$D$41,A28,'Raw Data'!$M$2:$M$41),0) -> 39.090909
A31: By Time Slot
A32: Category | B32: Posts | C32: Avg Reach | D32: Avg Impressions | E32: Avg Engagement | F32: Avg Eng. Rate | G32: Avg CTR | H32: Avg Saves
A33: Morning (9-11 AM) | B33: =COUNTIF('Raw Data'!$G$2:$G$41,A33) -> 11 | C33: =IFERROR(AVERAGEIF('Raw Data'!$G$2:$G$41,A33,'Raw Data'!$H$2:$H$41),0) -> 5183.0909 | D33: =IFERROR(AVERAGEIF('Raw Data'!$G$2:$G$41,A33,'Raw Data'!$I$2:$I$41),0) -> 8087 | E33: =IFERROR(AVERAGEIF('Raw Data'!$G$2:$G$41,A33,'Raw Data'!$O$2:$O$41),0) -> 258.09091 | F33: =IFERROR(AVERAGEIF('Raw Data'!$G$2:$G$41,A33,'Raw Data'!$P$2:$P$41),0) -> 0.045466394 | G33: =IFERROR(AVERAGEIF('Raw Data'!$G$2:$G$41,A33,'Raw Data'!$Q$2:$Q$41),0) -> 0.021717954 | H33: =IFERROR(AVERAGEIF('Raw Data'!$G$2:$G$41,A33,'Raw Data'!$M$2:$M$41),0) -> 24.909091
A34: Afternoon (1-3 PM) | B34: =COUNTIF('Raw Data'!$G$2:$G$41,A34) -> 9 | C34: =IFERROR(AVERAGEIF('Raw Data'!$G$2:$G$41,A34,'Raw Data'!$H$2:$H$41),0) -> 4887 | D34: =IFERROR(AVERAGEIF('Raw Data'!$G$2:$G$41,A34,'Raw Data'!$I$2:$I$41),0) -> 8351.2222 | E34: =IFERROR(AVERAGEIF('Raw Data'!$G$2:$G$41,A34,'Raw Data'!$O$2:$O$41),0) -> 247.11111 | F34: =IFERROR(AVERAGEIF('Raw Data'!$G$2:$G$41,A34,'Raw Data'!$P$2:$P$41),0) -> 0.043647194 | G34: =IFERROR(AVERAGEIF('Raw Data'!$G$2:$G$41,A34,'Raw Data'!$Q$2:$Q$41),0) -> 0.019585787 | H34: =IFERROR(AVERAGEIF('Raw Data'!$G$2:$G$41,A34,'Raw Data'!$M$2:$M$41),0) -> 28
A35: Evening (6-9 PM) | B35: =COUNTIF('Raw Data'!$G$2:$G$41,A35) -> 11 | C35: =IFERROR(AVERAGEIF('Raw Data'!$G$2:$G$41,A35,'Raw Data'!$H$2:$H$41),0) -> 8065.7273 | D35: =IFERROR(AVERAGEIF('Raw Data'!$G$2:$G$41,A35,'Raw Data'!$I$2:$I$41),0) -> 12544.909 | E35: =IFERROR(AVERAGEIF('Raw Data'!$G$2:$G$41,A35,'Raw Data'!$O$2:$O$41),0) -> 750.18182 | F35: =IFERROR(AVERAGEIF('Raw Data'!$G$2:$G$41,A35,'Raw Data'!$P$2:$P$41),0) -> 0.084921119 | G35: =IFERROR(AVERAGEIF('Raw Data'!$G$2:$G$41,A35,'Raw Data'!$Q$2:$Q$41),0) -> 0.019473728 | H35: =IFERROR(AVERAGEIF('Raw Data'!$G$2:$G$41,A35,'Raw Data'!$M$2:$M$41),0) -> 75.272727
A36: Night (10 PM-12 AM) | B36: =COUNTIF('Raw Data'!$G$2:$G$41,A36) -> 9 | C36: =IFERROR(AVERAGEIF('Raw Data'!$G$2:$G$41,A36,'Raw Data'!$H$2:$H$41),0) -> 8219.5556 | D36: =IFERROR(AVERAGEIF('Raw Data'!$G$2:$G$41,A36,'Raw Data'!$I$2:$I$41),0) -> 12368.444 | E36: =IFERROR(AVERAGEIF('Raw Data'!$G$2:$G$41,A36,'Raw Data'!$O$2:$O$41),0) -> 519.88889 | F36: =IFERROR(AVERAGEIF('Raw Data'!$G$2:$G$41,A36,'Raw Data'!$P$2:$P$41),0) -> 0.060587296 | G36: =IFERROR(AVERAGEIF('Raw Data'!$G$2:$G$41,A36,'Raw Data'!$Q$2:$Q$41),0) -> 0.017522869 | H36: =IFERROR(AVERAGEIF('Raw Data'!$G$2:$G$41,A36,'Raw Data'!$M$2:$M$41),0) -> 65.111111
A39: By Topic
A40: Category | B40: Posts | C40: Avg Reach | D40: Avg Impressions | E40: Avg Engagement | F40: Avg Eng. Rate | G40: Avg CTR | H40: Avg Saves
A41: Behind the Scenes | B41: =COUNTIF('Raw Data'!$F$2:$F$41,A41) -> 7 | C41: =IFERROR(AVERAGEIF('Raw Data'!$F$2:$F$41,A41,'Raw Data'!$H$2:$H$41),0) -> 7435.2857 | D41: =IFERROR(AVERAGEIF('Raw Data'!$F$2:$F$41,A41,'Raw Data'!$I$2:$I$41),0) -> 11090.429 | E41: =IFERROR(AVERAGEIF('Raw Data'!$F$2:$F$41,A41,'Raw Data'!$O$2:$O$41),0) -> 499.85714 | F41: =IFERROR(AVERAGEIF('Raw Data'!$F$2:$F$41,A41,'Raw Data'!$P$2:$P$41),0) -> 0.059991537 | G41: =IFERROR(AVERAGEIF('Raw Data'!$F$2:$F$41,A41,'Raw Data'!$Q$2:$Q$41),0) -> 0.014021202 | H41: =IFERROR(AVERAGEIF('Raw Data'!$F$2:$F$41,A41,'Raw Data'!$M$2:$M$41),0) -> 54.857143
A42: Customer Story | B42: =COUNTIF('Raw Data'!$F$2:$F$41,A42) -> 4 | C42: =IFERROR(AVERAGEIF('Raw Data'!$F$2:$F$41,A42,'Raw Data'!$H$2:$H$41),0) -> 5927.5 | D42: =IFERROR(AVERAGEIF('Raw Data'!$F$2:$F$41,A42,'Raw Data'!$I$2:$I$41),0) -> 9771 | E42: =IFERROR(AVERAGEIF('Raw Data'!$F$2:$F$41,A42,'Raw Data'!$O$2:$O$41),0) -> 364.5 | F42: =IFERROR(AVERAGEIF('Raw Data'!$F$2:$F$41,A42,'Raw Data'!$P$2:$P$41),0) -> 0.063467723 | G42: =IFERROR(AVERAGEIF('Raw Data'!$F$2:$F$41,A42,'Raw Data'!$Q$2:$Q$41),0) -> 0.017972888 | H42: =IFERROR(AVERAGEIF('Raw Data'!$F$2:$F$41,A42,'Raw Data'!$M$2:$M$41),0) -> 47.25
A43: Festival Greeting | B43: =COUNTIF('Raw Data'!$F$2:$F$41,A43) -> 2 | C43: =IFERROR(AVERAGEIF('Raw Data'!$F$2:$F$41,A43,'Raw Data'!$H$2:$H$41),0) -> 5586 | D43: =IFERROR(AVERAGEIF('Raw Data'!$F$2:$F$41,A43,'Raw Data'!$I$2:$I$41),0) -> 9881 | E43: =IFERROR(AVERAGEIF('Raw Data'!$F$2:$F$41,A43,'Raw Data'!$O$2:$O$41),0) -> 458 | F43: =IFERROR(AVERAGEIF('Raw Data'!$F$2:$F$41,A43,'Raw Data'!$P$2:$P$41),0) -> 0.071901794 | G43: =IFERROR(AVERAGEIF('Raw Data'!$F$2:$F$41,A43,'Raw Data'!$Q$2:$Q$41),0) -> 0.012867484 | H43: =IFERROR(AVERAGEIF('Raw Data'!$F$2:$F$41,A43,'Raw Data'!$M$2:$M$41),0) -> 42.5
A44: Industry News | B44: =COUNTIF('Raw Data'!$F$2:$F$41,A44) -> 3 | C44: =IFERROR(AVERAGEIF('Raw Data'!$F$2:$F$41,A44,'Raw Data'!$H$2:$H$41),0) -> 5215 | D44: =IFERROR(AVERAGEIF('Raw Data'!$F$2:$F$41,A44,'Raw Data'!$I$2:$I$41),0) -> 8856.6667 | E44: =IFERROR(AVERAGEIF('Raw Data'!$F$2:$F$41,A44,'Raw Data'!$O$2:$O$41),0) -> 276 | F44: =IFERROR(AVERAGEIF('Raw Data'!$F$2:$F$41,A44,'Raw Data'!$P$2:$P$41),0) -> 0.045639071 | G44: =IFERROR(AVERAGEIF('Raw Data'!$F$2:$F$41,A44,'Raw Data'!$Q$2:$Q$41),0) -> 0.019702041 | H44: =IFERROR(AVERAGEIF('Raw Data'!$F$2:$F$41,A44,'Raw Data'!$M$2:$M$41),0) -> 26.333333
A45: Meme/Trend | B45: =COUNTIF('Raw Data'!$F$2:$F$41,A45) -> 5 | C45: =IFERROR(AVERAGEIF('Raw Data'!$F$2:$F$41,A45,'Raw Data'!$H$2:$H$41),0) -> 7559.4 | D45: =IFERROR(AVERAGEIF('Raw Data'!$F$2:$F$41,A45,'Raw Data'!$I$2:$I$41),0) -> 11453.8 | E45: =IFERROR(AVERAGEIF('Raw Data'!$F$2:$F$41,A45,'Raw Data'!$O$2:$O$41),0) -> 875.6 | F45: =IFERROR(AVERAGEIF('Raw Data'!$F$2:$F$41,A45,'Raw Data'!$P$2:$P$41),0) -> 0.10943943 | G45: =IFERROR(AVERAGEIF('Raw Data'!$F$2:$F$41,A45,'Raw Data'!$Q$2:$Q$41),0) -> 0.018051844 | H45: =IFERROR(AVERAGEIF('Raw Data'!$F$2:$F$41,A45,'Raw Data'!$M$2:$M$41),0) -> 104.2
A46: Offer/Discount | B46: =COUNTIF('Raw Data'!$F$2:$F$41,A46) -> 4 | C46: =IFERROR(AVERAGEIF('Raw Data'!$F$2:$F$41,A46,'Raw Data'!$H$2:$H$41),0) -> 8800.75 | D46: =IFERROR(AVERAGEIF('Raw Data'!$F$2:$F$41,A46,'Raw Data'!$I$2:$I$41),0) -> 13341.25 | E46: =IFERROR(AVERAGEIF('Raw Data'!$F$2:$F$41,A46,'Raw Data'!$O$2:$O$41),0) -> 564.5 | F46: =IFERROR(AVERAGEIF('Raw Data'!$F$2:$F$41,A46,'Raw Data'!$P$2:$P$41),0) -> 0.04618746 | G46: =IFERROR(AVERAGEIF('Raw Data'!$F$2:$F$41,A46,'Raw Data'!$Q$2:$Q$41),0) -> 0.0218071 | H46: =IFERROR(AVERAGEIF('Raw Data'!$F$2:$F$41,A46,'Raw Data'!$M$2:$M$41),0) -> 59.75
A47: Product Launch | B47: =COUNTIF('Raw Data'!$F$2:$F$41,A47) -> 10 | C47: =IFERROR(AVERAGEIF('Raw Data'!$F$2:$F$41,A47,'Raw Data'!$H$2:$H$41),0) -> 7138.5 | D47: =IFERROR(AVERAGEIF('Raw Data'!$F$2:$F$41,A47,'Raw Data'!$I$2:$I$41),0) -> 11431.9 | E47: =IFERROR(AVERAGEIF('Raw Data'!$F$2:$F$41,A47,'Raw Data'!$O$2:$O$41),0) -> 410.4 | F47: =IFERROR(AVERAGEIF('Raw Data'!$F$2:$F$41,A47,'Raw Data'!$P$2:$P$41),0) -> 0.053363001 | G47: =IFERROR(AVERAGEIF('Raw Data'!$F$2:$F$41,A47,'Raw Data'!$Q$2:$Q$41),0) -> 0.026494969 | H47: =IFERROR(AVERAGEIF('Raw Data'!$F$2:$F$41,A47,'Raw Data'!$M$2:$M$41),0) -> 40.2
A48: Tips & Tutorial | B48: =COUNTIF('Raw Data'!$F$2:$F$41,A48) -> 5 | C48: =IFERROR(AVERAGEIF('Raw Data'!$F$2:$F$41,A48,'Raw Data'!$H$2:$H$41),0) -> 3347.4 | D48: =IFERROR(AVERAGEIF('Raw Data'!$F$2:$F$41,A48,'Raw Data'!$I$2:$I$41),0) -> 5085.2 | E48: =IFERROR(AVERAGEIF('Raw Data'!$F$2:$F$41,A48,'Raw Data'!$O$2:$O$41),0) -> 110.6 | F48: =IFERROR(AVERAGEIF('Raw Data'!$F$2:$F$41,A48,'Raw Data'!$P$2:$P$41),0) -> 0.030452718 | G48: =IFERROR(AVERAGEIF('Raw Data'!$F$2:$F$41,A48,'Raw Data'!$Q$2:$Q$41),0) -> 0.017953608 | H48: =IFERROR(AVERAGEIF('Raw Data'!$F$2:$F$41,A48,'Raw Data'!$M$2:$M$41),0) -> 8.2

Sheet Top & Bottom Posts
A1: Top 5 and Bottom 5 Posts by Engagement Rate (auto-updates from Raw Data)
A3: TOP-PERFORMING POSTS
A4: Rank | B4: Post_ID | C4: Platform | D4: Post_Type | E4: Topic | F4: Time_Slot | G4: Reach | H4: Engagement | I4: Eng. Rate | J4: CTR
A5: 1 | B5: =INDEX('Raw Data'!$A$2:$A$41,MATCH($A5,'Raw Data'!$R$2:$R$41,0)) -> P004 | C5: =INDEX('Raw Data'!$D$2:$D$41,MATCH($A5,'Raw Data'!$R$2:$R$41,0)) -> Instagram | D5: =INDEX('Raw Data'!$E$2:$E$41,MATCH($A5,'Raw Data'!$R$2:$R$41,0)) -> Carousel | E5: =INDEX('Raw Data'!$F$2:$F$41,MATCH($A5,'Raw Data'!$R$2:$R$41,0)) -> Meme/Trend | F5: =INDEX('Raw Data'!$G$2:$G$41,MATCH($A5,'Raw Data'!$R$2:$R$41,0)) -> Evening (6-9 PM) | G5: =INDEX('Raw Data'!$H$2:$H$41,MATCH($A5,'Raw Data'!$R$2:$R$41,0)) -> 12168 | H5: =INDEX('Raw Data'!$O$2:$O$41,MATCH($A5,'Raw Data'!$R$2:$R$41,0)) -> 1657 | I5: =INDEX('Raw Data'!$P$2:$P$41,MATCH($A5,'Raw Data'!$R$2:$R$41,0)) -> 0.13617686 | J5: =INDEX('Raw Data'!$Q$2:$Q$41,MATCH($A5,'Raw Data'!$R$2:$R$41,0)) -> 0.0091059603
A6: 2 | B6: =INDEX('Raw Data'!$A$2:$A$41,MATCH($A6,'Raw Data'!$R$2:$R$41,0)) -> P030 | C6: =INDEX('Raw Data'!$D$2:$D$41,MATCH($A6,'Raw Data'!$R$2:$R$41,0)) -> Twitter/X | D6: =INDEX('Raw Data'!$E$2:$E$41,MATCH($A6,'Raw Data'!$R$2:$R$41,0)) -> Reel/Video | E6: =INDEX('Raw Data'!$F$2:$F$41,MATCH($A6,'Raw Data'!$R$2:$R$41,0)) -> Meme/Trend | F6: =INDEX('Raw Data'!$G$2:$G$41,MATCH($A6,'Raw Data'!$R$2:$R$41,0)) -> Evening (6-9 PM) | G6: =INDEX('Raw Data'!$H$2:$H$41,MATCH($A6,'Raw Data'!$R$2:$R$41,0)) -> 9143 | H6: =INDEX('Raw Data'!$O$2:$O$41,MATCH($A6,'Raw Data'!$R$2:$R$41,0)) -> 1170 | I6: =INDEX('Raw Data'!$P$2:$P$41,MATCH($A6,'Raw Data'!$R$2:$R$41,0)) -> 0.12796675 | J6: =INDEX('Raw Data'!$Q$2:$Q$41,MATCH($A6,'Raw Data'!$R$2:$R$41,0)) -> 0.016714303
A7: 3 | B7: =INDEX('Raw Data'!$A$2:$A$41,MATCH($A7,'Raw Data'!$R$2:$R$41,0)) -> P039 | C7: =INDEX('Raw Data'!$D$2:$D$41,MATCH($A7,'Raw Data'!$R$2:$R$41,0)) -> Facebook | D7: =INDEX('Raw Data'!$E$2:$E$41,MATCH($A7,'Raw Data'!$R$2:$R$41,0)) -> Reel/Video | E7: =INDEX('Raw Data'!$F$2:$F$41,MATCH($A7,'Raw Data'!$R$2:$R$41,0)) -> Behind the Scenes | F7: =INDEX('Raw Data'!$G$2:$G$41,MATCH($A7,'Raw Data'!$R$2:$R$41,0)) -> Evening (6-9 PM) | G7: =INDEX('Raw Data'!$H$2:$H$41,MATCH($A7,'Raw Data'!$R$2:$R$41,0)) -> 10845 | H7: =INDEX('Raw Data'!$O$2:$O$41,MATCH($A7,'Raw Data'!$R$2:$R$41,0)) -> 1157 | I7: =INDEX('Raw Data'!$P$2:$P$41,MATCH($A7,'Raw Data'!$R$2:$R$41,0)) -> 0.10668511 | J7: =INDEX('Raw Data'!$Q$2:$Q$41,MATCH($A7,'Raw Data'!$R$2:$R$41,0)) -> 0.020011967
A8: 4 | B8: =INDEX('Raw Data'!$A$2:$A$41,MATCH($A8,'Raw Data'!$R$2:$R$41,0)) -> P002 | C8: =INDEX('Raw Data'!$D$2:$D$41,MATCH($A8,'Raw Data'!$R$2:$R$41,0)) -> LinkedIn | D8: =INDEX('Raw Data'!$E$2:$E$41,MATCH($A8,'Raw Data'!$R$2:$R$41,0)) -> Reel/Video | E8: =INDEX('Raw Data'!$F$2:$F$41,MATCH($A8,'Raw Data'!$R$2:$R$41,0)) -> Meme/Trend | F8: =INDEX('Raw Data'!$G$2:$G$41,MATCH($A8,'Raw Data'!$R$2:$R$41,0)) -> Morning (9-11 AM) | G8: =INDEX('Raw Data'!$H$2:$H$41,MATCH($A8,'Raw Data'!$R$2:$R$41,0)) -> 4134 | H8: =INDEX('Raw Data'!$O$2:$O$41,MATCH($A8,'Raw Data'!$R$2:$R$41,0)) -> 410 | I8: =INDEX('Raw Data'!$P$2:$P$41,MATCH($A8,'Raw Data'!$R$2:$R$41,0)) -> 0.099177552 | J8: =INDEX('Raw Data'!$Q$2:$Q$41,MATCH($A8,'Raw Data'!$R$2:$R$41,0)) -> 0.01789748
A9: 5 | B9: =INDEX('Raw Data'!$A$2:$A$41,MATCH($A9,'Raw Data'!$R$2:$R$41,0)) -> P005 | C9: =INDEX('Raw Data'!$D$2:$D$41,MATCH($A9,'Raw Data'!$R$2:$R$41,0)) -> Twitter/X | D9: =INDEX('Raw Data'!$E$2:$E$41,MATCH($A9,'Raw Data'!$R$2:$R$41,0)) -> Reel/Video | E9: =INDEX('Raw Data'!$F$2:$F$41,MATCH($A9,'Raw Data'!$R$2:$R$41,0)) -> Festival Greeting | F9: =INDEX('Raw Data'!$G$2:$G$41,MATCH($A9,'Raw Data'!$R$2:$R$41,0)) -> Evening (6-9 PM) | G9: =INDEX('Raw Data'!$H$2:$H$41,MATCH($A9,'Raw Data'!$R$2:$R$41,0)) -> 7733 | H9: =INDEX('Raw Data'!$O$2:$O$41,MATCH($A9,'Raw Data'!$R$2:$R$41,0)) -> 759 | I9: =INDEX('Raw Data'!$P$2:$P$41,MATCH($A9,'Raw Data'!$R$2:$R$41,0)) -> 0.098150782 | J9: =INDEX('Raw Data'!$Q$2:$Q$41,MATCH($A9,'Raw Data'!$R$2:$R$41,0)) -> 0.015302776
A11: Total posts: | B11: =COUNT('Raw Data'!P2:P41) -> 40
A13: LOW-PERFORMING POSTS
A14: Rank | B14: Post_ID | C14: Platform | D14: Post_Type | E14: Topic | F14: Time_Slot | G14: Reach | H14: Engagement | I14: Eng. Rate | J14: CTR
A15: =$B$11-0 -> 40 | B15: =INDEX('Raw Data'!$A$2:$A$41,MATCH($A15,'Raw Data'!$R$2:$R$41,0)) -> P040 | C15: =INDEX('Raw Data'!$D$2:$D$41,MATCH($A15,'Raw Data'!$R$2:$R$41,0)) -> LinkedIn | D15: =INDEX('Raw Data'!$E$2:$E$41,MATCH($A15,'Raw Data'!$R$2:$R$41,0)) -> Text | E15: =INDEX('Raw Data'!$F$2:$F$41,MATCH($A15,'Raw Data'!$R$2:$R$41,0)) -> Offer/Discount | F15: =INDEX('Raw Data'!$G$2:$G$41,MATCH($A15,'Raw Data'!$R$2:$R$41,0)) -> Morning (9-11 AM) | G15: =INDEX('Raw Data'!$H$2:$H$41,MATCH($A15,'Raw Data'!$R$2:$R$41,0)) -> 1631 | H15: =INDEX('Raw Data'!$O$2:$O$41,MATCH($A15,'Raw Data'!$R$2:$R$41,0)) -> 24 | I15: =INDEX('Raw Data'!$P$2:$P$41,MATCH($A15,'Raw Data'!$R$2:$R$41,0)) -> 0.014714899 | J15: =INDEX('Raw Data'!$Q$2:$Q$41,MATCH($A15,'Raw Data'!$R$2:$R$41,0)) -> 0.026135907
A16: =$B$11-1 -> 39 | B16: =INDEX('Raw Data'!$A$2:$A$41,MATCH($A16,'Raw Data'!$R$2:$R$41,0)) -> P008 | C16: =INDEX('Raw Data'!$D$2:$D$41,MATCH($A16,'Raw Data'!$R$2:$R$41,0)) -> Instagram | D16: =INDEX('Raw Data'!$E$2:$E$41,MATCH($A16,'Raw Data'!$R$2:$R$41,0)) -> Text | E16: =INDEX('Raw Data'!$F$2:$F$41,MATCH($A16,'Raw Data'!$R$2:$R$41,0)) -> Offer/Discount | F16: =INDEX('Raw Data'!$G$2:$G$41,MATCH($A16,'Raw Data'!$R$2:$R$41,0)) -> Night (10 PM-12 AM) | G16: =INDEX('Raw Data'!$H$2:$H$41,MATCH($A16,'Raw Data'!$R$2:$R$41,0)) -> 5839 | H16: =INDEX('Raw Data'!$O$2:$O$41,MATCH($A16,'Raw Data'!$R$2:$R$41,0)) -> 105 | I16: =INDEX('Raw Data'!$P$2:$P$41,MATCH($A16,'Raw Data'!$R$2:$R$41,0)) -> 0.017982531 | J16: =INDEX('Raw Data'!$Q$2:$Q$41,MATCH($A16,'Raw Data'!$R$2:$R$41,0)) -> 0.014856616
A17: =$B$11-2 -> 38 | B17: =INDEX('Raw Data'!$A$2:$A$41,MATCH($A17,'Raw Data'!$R$2:$R$41,0)) -> P031 | C17: =INDEX('Raw Data'!$D$2:$D$41,MATCH($A17,'Raw Data'!$R$2:$R$41,0)) -> Facebook | D17: =INDEX('Raw Data'!$E$2:$E$41,MATCH($A17,'Raw Data'!$R$2:$R$41,0)) -> Text | E17: =INDEX('Raw Data'!$F$2:$F$41,MATCH($A17,'Raw Data'!$R$2:$R$41,0)) -> Behind the Scenes | F17: =INDEX('Raw Data'!$G$2:$G$41,MATCH($A17,'Raw Data'!$R$2:$R$41,0)) -> Afternoon (1-3 PM) | G17: =INDEX('Raw Data'!$H$2:$H$41,MATCH($A17,'Raw Data'!$R$2:$R$41,0)) -> 2528 | H17: =INDEX('Raw Data'!$O$2:$O$41,MATCH($A17,'Raw Data'!$R$2:$R$41,0)) -> 46 | I17: =INDEX('Raw Data'!$P$2:$P$41,MATCH($A17,'Raw Data'!$R$2:$R$41,0)) -> 0.018196203 | J17: =INDEX('Raw Data'!$Q$2:$Q$41,MATCH($A17,'Raw Data'!$R$2:$R$41,0)) -> 0.018311934
A18: =$B$11-3 -> 37 | B18: =INDEX('Raw Data'!$A$2:$A$41,MATCH($A18,'Raw Data'!$R$2:$R$41,0)) -> P013 | C18: =INDEX('Raw Data'!$D$2:$D$41,MATCH($A18,'Raw Data'!$R$2:$R$41,0)) -> Twitter/X | D18: =INDEX('Raw Data'!$E$2:$E$41,MATCH($A18,'Raw Data'!$R$2:$R$41,0)) -> Text | E18: =INDEX('Raw Data'!$F$2:$F$41,MATCH($A18,'Raw Data'!$R$2:$R$41,0)) -> Tips & Tutorial | F18: =INDEX('Raw Data'!$G$2:$G$41,MATCH($A18,'Raw Data'!$R$2:$R$41,0)) -> Morning (9-11 AM) | G18: =INDEX('Raw Data'!$H$2:$H$41,MATCH($A18,'Raw Data'!$R$2:$R$41,0)) -> 2299 | H18: =INDEX('Raw Data'!$O$2:$O$41,MATCH($A18,'Raw Data'!$R$2:$R$41,0)) -> 46 | I18: =INDEX('Raw Data'!$P$2:$P$41,MATCH($A18,'Raw Data'!$R$2:$R$41,0)) -> 0.020008699 | J18: =INDEX('Raw Data'!$Q$2:$Q$41,MATCH($A18,'Raw Data'!$R$2:$R$41,0)) -> 0.016441006
A19: =$B$11-4 -> 36 | B19: =INDEX('Raw Data'!$A$2:$A$41,MATCH($A19,'Raw Data'!$R$2:$R$41,0)) -> P026 | C19: =INDEX('Raw Data'!$D$2:$D$41,MATCH($A19,'Raw Data'!$R$2:$R$41,0)) -> LinkedIn | D19: =INDEX('Raw Data'!$E$2:$E$41,MATCH($A19,'Raw Data'!$R$2:$R$41,0)) -> Text | E19: =INDEX('Raw Data'!$F$2:$F$41,MATCH($A19,'Raw Data'!$R$2:$R$41,0)) -> Product Launch | F19: =INDEX('Raw Data'!$G$2:$G$41,MATCH($A19,'Raw Data'!$R$2:$R$41,0)) -> Morning (9-11 AM) | G19: =INDEX('Raw Data'!$H$2:$H$41,MATCH($A19,'Raw Data'!$R$2:$R$41,0)) -> 1590 | H19: =INDEX('Raw Data'!$O$2:$O$41,MATCH($A19,'Raw Data'!$R$2:$R$41,0)) -> 34 | I19: =INDEX('Raw Data'!$P$2:$P$41,MATCH($A19,'Raw Data'!$R$2:$R$41,0)) -> 0.021383648 | J19: =INDEX('Raw Data'!$Q$2:$Q$41,MATCH($A19,'Raw Data'!$R$2:$R$41,0)) -> 0.028467153

Sheet Insights & Recs
A1: Engagement Insights
A3: 1. Reels/Videos have the highest average engagement rate (~9.0%) — about 4x Text posts (~2.2%).
A4: 2. Carousels earn the most Saves per post (~85), showing people bookmark useful, swipeable content.
A5: 3. Evening posts (6–9 PM) average ~8.5% engagement vs ~4.4% for afternoon posts — nearly double.
A6: 4. Instagram gives the largest reach (~10.9K/post); LinkedIn has the best CTR (~2.8%) despite low reach.
A7: 5. Meme/Trend content tops engagement (~10.9%); Industry News and text-only Tips under-perform.
A8: 6. All 5 top posts are Reels or Carousels; all 5 bottom posts are plain Text posts.
A10: Three Recommendations
A11: R1. Shift the content mix toward Reels/Videos and Carousels (target 60–70% of posts); convert text posts into carousels.
A12: R2. Schedule key posts in the 6–9 PM window; avoid 1–3 PM for important launches.
A13: R3. Use platforms by goal: Instagram for reach/awareness, LinkedIn & Facebook for clicks — add clear CTAs + links there.
A15: Note: figures above were read from the Summary sheet; the sheet itself recalculates if the data changes.
